quarter,total_yoy,AMKR_ADVANCED_share,AMKR_ADVANCED_yoy,AMKR_ADVANCED_contrib,AMKR_MAINSTREAM_share,AMKR_MAINSTREAM_yoy,AMKR_MAINSTREAM_contrib
2020Q3,0.24919435713251126,0.740733355341822,0.702907593700921,0.3819434513897282,0.25926664465817784,-0.2907189125190427,-0.13274909425721715
2021Q1,0.15055664679303438,0.6942314217848659,0.15838153343642292,0.1092106998341164,0.30576857821513403,0.13317721098035706,0.041345946958917794
2021Q2,0.1991851030216325,0.6965116403075643,0.1739946361420488,0.12378965461088628,0.30348835969243565,0.26129685168496164,0.07539544841074626
2021Q3,0.24148555822168438,0.7351296847114812,0.23209368176515732,0.17191953164754203,0.26487031528851873,0.2683184590361001,0.0695660265741424
2021Q4,0.25790840682372007,0.7381993037403661,0.3096115390312546,0.21953172808107121,0.26180069625963387,0.13190372452036492,0.03837667874264884
2022Q1,0.20409908381404818,0.7242587749621747,0.2561795678077021,0.1778479055913735,0.2757412250378253,0.08585309313308431,0.026251178222674677
2022Q2,0.0699115201541376,0.7201435607641336,0.10621251281046229,0.07397825151880327,0.27985643923586656,-0.013399958300829073,-0.004066731364665652
2022Q3,0.23955443188578252,0.7867812453957904,0.3266478009764089,0.24012849494348612,0.21321875460420953,-0.002167336332417835,-0.0005740630577037738
2022Q4,0.10527737898372069,0.7805808384175931,0.16873361814298748,0.12455903943074617,0.21941916158240699,-0.07365014960809535,-0.01928166044702556
2023Q1,-0.0784542489554213,0.7253474083935254,-0.07706907345215086,-0.055817952725924644,0.2746525916064746,-0.08209253522534232,-0.022636296229496717
2023Q2,-0.03119609161733783,0.7437716146680001,0.0005905579018954388,0.00042528647030837713,0.25622838533199993,-0.1129914257966933,-0.03162137808764622
2023Q3,-0.1256894616332268,0.7968561741097918,-0.11449369864384051,-0.09008149480897117,0.20314382589020816,-0.16700203924534407,-0.035607966824255585
2023Q4,-0.08099789634930055,0.815963594246183,-0.039340677213160924,-0.030708578802965052,0.18403640575381705,-0.22919291635087358,-0.050289317546335414
2024Q1,-0.07205245664572946,0.7833763331089973,0.0021847950630378143,0.0015847354368454477,0.21662366689100274,-0.2681103122015428,-0.07363719208257474
2024Q2,0.0024363443311783417,0.8072966060292553,0.0880537016731513,0.06549184387093412,0.19270339397074457,-0.24609099986347616,-0.06305549953975591
2024Q3,0.021844413717694522,0.8420784609277344,0.07983498047471005,0.06361699710120738,0.1579215390722657,-0.20563058316175153,-0.04177258338351282
2024Q4,-0.07003780658986603,0.8331520491456113,-0.050447945801566196,-0.04116368717858259,0.16684795085438867,-0.15689351948064034,-0.028874119411283525
2025Q1,-0.03217550060014163,0.8048101696838998,-0.005695006772870048,-0.004461333522761843,0.19518983031610013,-0.12793693078478163,-0.02771416707737981
2025Q2,0.034155927508802586,0.8129446232347399,0.041391100341316545,0.0334148948253612,0.1870553767652601,0.0038454573537716197,0.0007410326834415493
2025Q3,0.06735052688858834,0.8472733330380762,0.0739351264732675,0.062259177509106485,0.1527266669619239,0.0322397401227954,0.005091349379481726
2025Q4,0.15893753552535772,0.8367142537840709,0.16389266066604136,0.13654750607383867,0.16328574621592906,0.1341942129757372,0.022390029451519165
2026Q1,0.27476760683275625,0.8143884285698174,0.28993895358949695,0.2333458184363354,0.18561157143018256,0.21221284085006076,0.04142178839642092
